kroB200;
min;18123.0
mean;20771.88
max;23601.0
min_t;2050.841796875
mean_t;2581.660849609375
max_t;3222.689208984375
