kroA200;
min;14662.0
mean;15177.3
max;15498.0
min_t;1312963.8701171875
mean_t;1346634.3263671875
max_t;1440807.9670410156
