kroB200;
min;15074.0
mean;15393.5
max;15705.0
min_t;1310078.4018554688
mean_t;1344487.885180664
max_t;1439224.8913574219
