kroA200;
min;18734.0
mean;21100.14
max;24052.0
min_t;1943.7685546875
mean_t;2449.794733886719
max_t;3178.439697265625
